J21;J3;NSM;BLD;A1;B2;B3;B5;C11;C12;C14;C15;C2;C3;C31;C32;C33;C4;E2;E3;F1;F21;F22;F3;F4;G1;G2;G3;H11;H12;H13;H21;H22;H3;H4;H5;Has3D;J1;J11;J20;J22;J6;J7;J8;
F3AH1800ADK30 KC633M;KH;DIN4000-82;1;18;18;36;84;ZYL;01;0;5;0180;18;h6;-0.011;0;48;30;1;R;3;3;R;30;;0.4;45;HC-P30;HC-M30;HC-M20;0;0;KC633M;H;;1;DIN6527;Kur;2231397;SC DRILL SLOT ENDMILL  A;ZYL01800105;0;FEC,FNB,FNU;
F3AH1800ADL30 KC633M;KH;DIN4000-82;1;18;26;44;92;ZYL;01;0;5;0180;18;h6;-0.011;0;48;30;1;R;3;3;R;30;;0.4;45;HC-P30;HC-M30;HC-M20;0;0;KC633M;H;;1;DIN6527;Lan;2231420;SC DRILL SLOT ENDMILL  A;ZYL01800105;0;FEC,FNB,FNU;
F3AH1800BDK30 K600;KH;DIN4000-82;1;18;18;36;84;ZYL;10;0;5;0180;18;;;;48;30;1;R;3;3;R;30;;0.4;45;;;;0;0;K600;H;;1;DIN6527;Kur;F3AH1800BDK30K600;SC DRILL SLOT ENDMILL B;ZYL01801005;0;FEC,FNB,FNU;
F3AH1800BDL30 K600;KH;DIN4000-82;1;18;26;44;92;ZYL;10;0;5;0180;18;;;;48;30;1;R;3;3;R;30;;0.4;45;;;;0;0;K600;H;;1;DIN6527;Lan;F3AH1800BDL30K600;SC DRILL SLOT ENDMILL B;ZYL01801005;0;FEC,FNB,FNU;
F3AH2000ADL30 K600;KH;DIN4000-82;1;20;32;54;104;ZYL;01;0;5;0200;20;h6;-0.013;0;50;30;1;R;3;3;R;30;;0.4;45;;;;0;0;K600;H;;1;DIN6527;Lan;F3AH2000ADL30K600;SC DRILL SLOT ENDMILL  A;ZYL02000105;0;FEC,FNB,FNU;
F3AH2000BDL30 KC633M;KH;DIN4000-82;1;20;32;54;104;ZYL;10;0;5;0200;20;;;;50;30;1;R;3;3;R;30;;0.4;45;HC-P30;HC-M30;HC-M20;0;0;KC633M;H;;1;DIN6527;Lan;1722684;SC DRILL SLOT ENDMILL B;ZYL02001005;0;FEC,FNB,FNU;
F3BH0500BWS20L130 KC625M;KH;DIN4000-82;1;5;13;24;57;ZYL;10;0;5;0060;6;;;;33;20;1;R;3;3;R;20;;0.3;45;;;;0;0;KC625M;H;;1;;;F3BH0500BWS20L130KC625M;SC ROUGHER B;ZYL00601005;0;FEC,FNB,FNU;
F3BH0600BWS20L080 KC625M;KH;DIN4000-82;1;6;8;13;54;ZYL;10;0;5;0060;6;;;;41;20;1;R;3;3;R;20;;0.3;45;;;;0;0;KC625M;H;;1;;;F3BH0600BWS20L080KC625M;SC ROUGHER B;ZYL00601005;0;FEC,FNB,FNU;
F3BH0800BWS20L110 KC625M;KH;DIN4000-82;1;8;11;18;58;ZYL;10;0;5;0080;8;;;;40;20;1;R;3;3;R;20;;0.3;45;;;;0;0;KC625M;H;;1;;;F3BH0800BWS20L110KC625M;SC ROUGHER B;ZYL00801005;0;FEC,FNB,FNU;
F3BH0800BWS20L110 KCPM15;KH;DIN4000-82;1;8;11;18;58;ZYL;10;0;5;0080;8;;;;40;20;1;R;3;3;R;20;;0.3;45;;;;0;0;KCPM15;H;PVD;1;;;4047070;SC ROUGHER B;ZYL00801005;0;FEC,FNB,FNU;
F3BT0400AWM45R075 KC633M;KH;DIN4000-82;1;4;4;7;75;ZYL;01;0;5;0060;6;h6;-0.008;0;68;45;;R;3;3;R;45;0.75;;;HC-P30;HC-M30;HC-M20;0;0;KC633M;H;;1;;;1805811;SC RADIUSED MILL A;ZYL00600105;0;FEC,FNB,FNU;
