J21;J3;Attrib;CodeType;K31;
F3AH1800ADK30 KC633M;KH;J6r;DIN;ZYL01800105;
F3AH1800ADL30 KC633M;KH;J6r;DIN;ZYL01800105;
F3AH1800BDK30 K600;KH;J6r;DIN;ZYL01801005;
F3AH1800BDL30 K600;KH;J6r;DIN;ZYL01801005;
F3AH2000ADL30 K600;KH;J6r;DIN;ZYL02000105;
F3AH2000BDL30 KC633M;KH;J6r;DIN;ZYL02001005;
F3BH0500BWS20L130 KC625M;KH;J6r;DIN;ZYL00601005;
F3BH0500BWS20L130 KC625M;KH;J6r;ISO;ZYL10F6000$$$$;
F3BH0600BWS20L080 KC625M;KH;J6r;DIN;ZYL00601005;
F3BH0600BWS20L080 KC625M;KH;J6r;ISO;ZYL10F6000$$$$;
F3BH0800BWS20L110 KC625M;KH;J6r;DIN;ZYL00801005;
F3BH0800BWS20L110 KCPM15;KH;J6r;DIN;ZYL00801005;
F3BT0400AWM45R075 KC633M;KH;J6r;DIN;ZYL00600105;
F3BT0400AWM45R075 KC633M;KH;J6r;ISO;ZYL01F6000$$$$;
