cn;de;en;esp;fr;it;jp;P2;pl;
钻孔全;Bohren ins Volle;Drilling;Perforado en material macizo;Perçage;Perforazione di materiale pieno;貫通穴;BVB;Wiercenie w całości;
角铣削;Eckfräsen;Square shoulder milling;Escuadrado;Contournage;Fresatura angolare;肩削りフライス;FEC;Frezowanie narożników;
槽铣 ;Nutenfräsen;Groove milling;Ranurado;Fraisage de rainures;Fresatura di scanalature;溝切りフライス加工;FNU;Frezowanie szczelinowe;
成形铣削;Formfräsen;Die milling;Fresado de formas;Fraisage à forme;Sagomatura;倣い加工;FFO;Frezowanie kształtowe;
角铣削;Eckfräsen;Square shoulder milling;Escuadrado;Contournage;Fresatura angolare;肩削りフライス;FEC;Frezowanie narożników;
槽铣 ;Nutenfräsen;Groove milling;Ranurado;Fraisage de rainures;Fresatura di scanalature;溝切りフライス加工;FNU;Frezowanie szczelinowe;
成形铣削;Formfräsen;Die milling;Fresado de formas;Fraisage à forme;Sagomatura;倣い加工;FFO;Frezowanie kształtowe;
